Name,ID,Mark,Status
"Luke Anderson",2025000,77,Pass
"Nathan Rivera",2025001,21,Fail
"Dylan Murphy",2025002,85,Pass
"Owen Johnson",2025003,17,Fail
"Chloe Garcia",2025004,42,Fail
"Charlotte Wright",2025005,6,Fail
"Carter Jones",2025006,98,Pass
"James Jackson",2025007,80,Pass
"Oliver Jones",2025008,89,Pass
"Charlotte Jackson",2025009,38,Fail
"Avery Peterson",2025010,20,Fail
"Oliver Clark",2025011,41,Fail
"Lucas Nelson",2025012,60,Pass
"Lucas Lewis",2025013,84,Pass
"Chloe Hill",2025014,24,Fail
"Sophia Peterson",2025015,17,Fail
"Chloe Peterson",2025016,61,Pass
"Amelia Evans",2025017,36,Fail
"Jackson Parker",2025018,98,Pass
"Isaac Torres",2025019,83,Pass
"Amelia Roberts",2025020,62,Pass
"Emily Miller",2025021,3,Fail
"Isaac Harris",2025022,78,Pass
"James Smith",2025023,86,Pass
"Carter Wilson",2025024,76,Pass
"Ethan Lewis",2025025,73,Pass
"Avery Anderson",2025026,10,Fail
"Victoria Nelson",2025027,27,Fail
"Mia Stewart",2025028,7,Fail
"Wyatt Allen",2025029,28,Fail
"Ava Evans",2025030,94,Pass
"Chloe Anderson",2025031,19,Fail
"Elijah Wilson",2025032,17,Fail
"Owen Walker",2025033,66,Pass
"Penelope Parker",2025034,86,Pass
"Wyatt Nelson",2025035,15,Fail
"Evelyn Thomas",2025036,41,Fail
"Charlotte Campbell",2025037,61,Pass
"Olivia Lewis",2025038,71,Pass
"Nathan Collins",2025039,13,Fail
"Mia Wilson",2025040,57,Pass
"Aaron Parker",2025041,68,Pass
"Charlotte Jones",2025042,92,Pass
"Mason Harris",2025043,35,Fail
"Liam Young",2025044,31,Fail
"Camila White",2025045,1,Fail
"Oliver Mitchell",2025046,23,Fail
"Dylan Martinez",2025047,19,Fail
"Zoey Stewart",2025048,5,Fail
"Aiden Nelson",2025049,87,Pass
"Sebastian Torres",2025050,39,Fail
"Emma King",2025051,20,Fail
"Noah Thomas",2025052,0,Fail
"Mason White",2025053,52,Pass
"Mia Anderson",2025054,94,Pass
"Liam Anderson",2025055,30,Fail
"Jackson Miller",2025056,6,Fail
"Owen Torres",2025057,16,Fail
"Nora Harris",2025058,2,Fail
"Evelyn Morris",2025059,92,Pass
"Grace Cook",2025060,48,Fail
"Liam Turner",2025061,80,Pass
"Isaac Smith",2025062,97,Pass
"Ava Morris",2025063,4,Fail
"James Hernandez",2025064,35,Fail
"Victoria Turner",2025065,95,Pass
"Lucas Stewart",2025066,60,Pass
"Riley Williams",2025067,49,Fail
"Ryan Edwards",2025068,0,Fail
"Mia Miller",2025069,14,Fail
"Mason Phillips",2025070,39,Fail
"Noah Green",2025071,36,Fail
"Liam Hernandez",2025072,55,Pass
"Ethan Jones",2025073,22,Fail
"Aiden Martinez",2025074,26,Fail
"Emma Roberts",2025075,31,Fail
"Ryan Wilson",2025076,62,Pass
"Olivia Miller",2025077,3,Fail
"Amelia Murphy",2025078,90,Pass
"Penelope Thomas",2025079,89,Pass
"Aria Campbell",2025080,88,Pass
"Lily Cook",2025081,15,Fail
"Jayden Rivera",2025082,65,Pass
"Penelope Roberts",2025083,50,Pass
"Evelyn Miller",2025084,73,Pass
"Oliver Young",2025085,87,Pass
"Mia Edwards",2025086,11,Fail
"Owen Allen",2025087,93,Pass
"Grayson Garcia",2025088,58,Pass
"Harper Edwards",2025089,67,Pass
"Emily Williams",2025090,95,Pass
"Chloe Lewis",2025091,36,Fail
"Harper Torres",2025092,23,Fail
"Ava Robinson",2025093,77,Pass
"Chloe Collins",2025094,54,Pass
"Ava Roberts",2025095,100,Pass
"Amelia Cook",2025096,48,Fail
"Emma Evans",2025097,46,Fail
"Luke Garcia",2025098,30,Fail
"Camila Harris",2025099,84,Pass
"Wyatt White",2025100,13,Fail
"Penelope Hill",2025101,61,Pass
"Avery Campbell",2025102,78,Pass
"Oliver Johnson",2025103,90,Pass
"Grace Garcia",2025104,41,Fail
"Harper Johnson",2025105,62,Pass
"Evelyn Young",2025106,42,Fail
"Scarlett Williams",2025107,85,Pass
"Isabella Allen",2025108,29,Fail
"Sebastian Murphy",2025109,24,Fail
"Liam Walker",2025110,21,Fail
"Evelyn Hill",2025111,8,Fail
"Grace Turner",2025112,28,Fail
"Dylan Green",2025113,95,Pass
"Logan Rogers",2025114,90,Pass
"Wyatt Walker",2025115,65,Pass
"Liam Allen",2025116,8,Fail
"Owen Adams",2025117,90,Pass
"Elijah Peterson",2025118,24,Fail
"Jackson Edwards",2025119,10,Fail
"Amelia Brown",2025120,85,Pass
"Avery Harris",2025121,65,Pass
"Owen Thomas",2025122,58,Pass
"Aiden Campbell",2025123,34,Fail
"Aiden King",2025124,86,Pass
"Emily Robinson",2025125,10,Fail
"Camila Nelson",2025126,3,Fail
"Jayden Allen",2025127,47,Fail
"Sophia Robinson",2025128,83,Pass
"Amelia Morgan",2025129,55,Pass
"Lily Lewis",2025130,89,Pass
"Mason Nelson",2025131,48,Fail
"Grace Thomas",2025132,90,Pass
"Sophia Brown",2025133,73,Pass
"Owen Campbell",2025134,35,Fail
"Ava Johnson",2025135,94,Pass
"Jack Miller",2025136,32,Fail
"Isabella Brown",2025137,68,Pass
"Grace Robinson",2025138,38,Fail
"Camila Collins",2025139,37,Fail
"Charlotte Johnson",2025140,49,Fail
"Oliver King",2025141,16,Fail
"Lily Robinson",2025142,38,Fail
"Owen Wright",2025143,71,Pass
"Victoria Murphy",2025144,58,Pass
"Victoria Evans",2025145,42,Fail
"James Phillips",2025146,27,Fail
"Liam Cook",2025147,70,Pass
"Ava Rogers",2025148,84,Pass
"Aaron White",2025149,70,Pass
"Abigail Hill",2025150,89,Pass
"Emma Anderson",2025151,32,Fail
"Jackson Hernandez",2025152,28,Fail
"Chloe Green",2025153,93,Pass
"Chloe Nelson",2025154,47,Fail
"Isabella Jones",2025155,94,Pass
"Jack Morgan",2025156,93,Pass
"Ava Jones",2025157,22,Fail
"Ava Edwards",2025158,36,Fail
"Nathan Hill",2025159,65,Pass
"Evelyn Evans",2025160,28,Fail
"Isabella Peterson",2025161,55,Pass
"Emily King",2025162,14,Fail
"Lily Allen",2025163,62,Pass
"Sebastian Smith",2025164,2,Fail
"Elijah Anderson",2025165,94,Pass
"Henry Rivera",2025166,12,Fail
"Aiden Evans",2025167,32,Fail
"Abigail Roberts",2025168,93,Pass
"Carter Rogers",2025169,53,Pass
"Sophia Walker",2025170,12,Fail
"Nora Hill",2025171,89,Pass
"Aiden Jackson",2025172,18,Fail
"Avery Wright",2025173,15,Fail
"Lily Garcia",2025174,67,Pass
"Emily Parker",2025175,10,Fail
"Luke Rogers",2025176,52,Pass
"Ava Williams",2025177,63,Pass
"Grayson Brown",2025178,0,Fail
"Camila Evans",2025179,33,Fail
"Jack Johnson",2025180,49,Fail
"Jack Turner",2025181,4,Fail
"Sebastian Adams",2025182,47,Fail
"Ethan Brown",2025183,97,Pass
"Riley White",2025184,45,Fail
"Chloe Mitchell",2025185,95,Pass
"Nora Stewart",2025186,69,Pass
"Emma Lewis",2025187,50,Pass
"Oliver Wright",2025188,88,Pass
"Evelyn Torres",2025189,85,Pass
"Dylan Allen",2025190,66,Pass
"Logan Young",2025191,63,Pass
"Penelope Martinez",2025192,63,Pass
"Grace Murphy",2025193,56,Pass
"Oliver Parker",2025194,18,Fail
"Avery Adams",2025195,34,Fail
"Jackson Stewart",2025196,42,Fail
"Aria Clark",2025197,49,Fail
"Jack Mitchell",2025198,69,Pass
"Penelope Hernandez",2025199,1,Fail
"Lucas Turner",2025200,46,Fail
"Nathan Robinson",2025201,0,Fail
"Amelia White",2025202,25,Fail
"Emma Rogers",2025203,75,Pass
"Logan Brown",2025204,11,Fail
"Carter Mitchell",2025205,61,Pass
"Amelia Stewart",2025206,90,Pass
"Grayson Jones",2025207,68,Pass
"Abigail Miller",2025208,10,Fail
"Penelope Morgan",2025209,62,Pass
"Oliver Wilson",2025210,9,Fail
"Mason Thomas",2025211,27,Fail
"Noah Jackson",2025212,87,Pass
"Chloe Baker",2025213,27,Fail
"Oliver Martinez",2025214,0,Fail
"Noah Roberts",2025215,37,Fail
"Ava Phillips",2025216,60,Pass
"Aria Wright",2025217,22,Fail
"Nora Davis",2025218,69,Pass
"Sebastian Jones",2025219,96,Pass
"Luke Baker",2025220,70,Pass
"Nora Lewis",2025221,18,Fail
"Wyatt Carter",2025222,45,Fail
"Ryan Collins",2025223,76,Pass
"Avery Stewart",2025224,79,Pass
"Abigail Evans",2025225,87,Pass
"Amelia Nelson",2025226,50,Pass
"Jayden Nelson",2025227,31,Fail
"James Davis",2025228,26,Fail
"Noah Adams",2025229,60,Pass
"Isabella Rivera",2025230,91,Pass
"James Adams",2025231,48,Fail
"Lily Collins",2025232,85,Pass
"Grayson Edwards",2025233,48,Fail
"Charlotte Edwards",2025234,99,Pass
"Victoria Roberts",2025235,8,Fail
"Harper Thomas",2025236,73,Pass
"Logan Mitchell",2025237,16,Fail
"Noah Williams",2025238,29,Fail
"Emma Martinez",2025239,8,Fail
"Zoey Scott",2025240,5,Fail
"Henry Nelson",2025241,90,Pass
"Henry Green",2025242,25,Fail
"Camila Smith",2025243,78,Pass
"Ryan Johnson",2025244,37,Fail
"Ryan Clark",2025245,30,Fail
"Emily Hernandez",2025246,74,Pass
"Isaac Jackson",2025247,75,Pass
"Nora Torres",2025248,18,Fail
"Aria Mitchell",2025249,77,Pass
"Chloe Harris",2025250,42,Fail
"Abigail Hernandez",2025251,8,Fail
"Henry Miller",2025252,83,Pass
"Liam Mitchell",2025253,78,Pass
"Logan Nguyen",2025254,35,Fail
"Olivia Turner",2025255,47,Fail
"Victoria Nguyen",2025256,60,Pass
"Owen Parker",2025257,74,Pass
"Isaac Carter",2025258,63,Pass
"Ava Carter",2025259,74,Pass
"Ethan Stewart",2025260,30,Fail
"Lucas Garcia",2025261,49,Fail
"Scarlett Rogers",2025262,64,Pass
"Lucas King",2025263,35,Fail
"Harper Turner",2025264,67,Pass
"Evelyn Walker",2025265,86,Pass
"Lily Phillips",2025266,8,Fail
"Luke Martinez",2025267,98,Pass
"Wyatt Turner",2025268,46,Fail
"Avery King",2025269,74,Pass
"Nora Collins",2025270,48,Fail
"Isaac Parker",2025271,87,Pass
"Emily Campbell",2025272,84,Pass
"Carter Young",2025273,25,Fail
"Aiden Williams",2025274,6,Fail
"Zoey Morris",2025275,23,Fail
"Aaron Edwards",2025276,91,Pass
"Elijah Campbell",2025277,53,Pass
"Nora Rivera",2025278,49,Fail
"Noah Edwards",2025279,72,Pass
"Henry Jackson",2025280,77,Pass
"Henry Carter",2025281,81,Pass
"Jayden Hill",2025282,39,Fail
"Noah Nguyen",2025283,63,Pass
"Harper Rivera",2025284,65,Pass
"Ella Nelson",2025285,60,Pass
"Owen Anderson",2025286,1,Fail
"Victoria Hernandez",2025287,50,Pass
"Noah Rogers",2025288,89,Pass
"Grace Rogers",2025289,55,Pass
"Lucas Parker",2025290,67,Pass
"Owen Young",2025291,7,Fail
"Jackson Wilson",2025292,23,Fail
"Liam Baker",2025293,19,Fail
"Evelyn Collins",2025294,55,Pass
"Ava Martinez",2025295,16,Fail
"Sebastian Walker",2025296,30,Fail
"Nathan Walker",2025297,57,Pass
"Victoria Miller",2025298,7,Fail
"Charlotte Evans",2025299,68,Pass
"Dylan Smith",2025300,58,Pass
"Lily Stewart",2025301,12,Fail
"Isaac Roberts",2025302,50,Pass
"Wyatt Anderson",2025303,39,Fail
"Harper Mitchell",2025304,63,Pass
"Lily Clark",2025305,36,Fail
"Camila Morgan",2025306,78,Pass
"Aaron Davis",2025307,55,Pass
"Harper Jones",2025308,100,Pass
"Charlotte Peterson",2025309,1,Fail
"Carter Green",2025310,12,Fail
"Abigail Davis",2025311,51,Pass
"Chloe Rivera",2025312,16,Fail
"Riley Cook",2025313,88,Pass
"Ryan Phillips",2025314,32,Fail
"Ryan Rivera",2025315,20,Fail
"Zoey Johnson",2025316,60,Pass
"Sebastian Evans",2025317,87,Pass
"Scarlett Wilson",2025318,96,Pass
"Aria Torres",2025319,6,Fail
"Logan Evans",2025320,38,Fail
"Grayson Stewart",2025321,26,Fail
"Evelyn Clark",2025322,83,Pass
"Scarlett Davis",2025323,12,Fail
"Carter White",2025324,70,Pass
"Jayden Mitchell",2025325,93,Pass
"Owen Baker",2025326,96,Pass
"Ella Mitchell",2025327,27,Fail
"Henry Allen",2025328,32,Fail
"Camila Rogers",2025329,74,Pass
"Lucas Nguyen",2025330,67,Pass
"Liam Clark",2025331,79,Pass
"Sophia Carter",2025332,65,Pass
"Charlotte Mitchell",2025333,17,Fail
"Victoria Green",2025334,77,Pass
"Amelia Torres",2025335,30,Fail
"Sophia Baker",2025336,36,Fail
"Grace Collins",2025337,89,Pass
"Zoey Green",2025338,42,Fail
"Grace Rivera",2025339,43,Fail
"Harper Jackson",2025340,45,Fail
"Elijah Rogers",2025341,91,Pass
"Chloe Johnson",2025342,79,Pass
"Olivia Cook",2025343,69,Pass
"Henry Scott",2025344,56,Pass
"Amelia Mitchell",2025345,1,Fail
"Scarlett Roberts",2025346,51,Pass
"Carter Cook",2025347,42,Fail
"Logan Torres",2025348,73,Pass
"Mia Murphy",2025349,57,Pass
"Noah Lewis",2025350,35,Fail
"Jack Carter",2025351,12,Fail
"Ryan Harris",2025352,68,Pass
"Ethan Johnson",2025353,39,Fail
"Penelope Garcia",2025354,97,Pass
"Nathan Peterson",2025355,72,Pass
"Sebastian Turner",2025356,77,Pass
"Elijah Hernandez",2025357,50,Pass
"Ryan Jackson",2025358,34,Fail
"Victoria Edwards",2025359,28,Fail
"Chloe Miller",2025360,21,Fail
"Henry Smith",2025361,47,Fail
"Zoey Wilson",2025362,36,Fail
"Ava Young",2025363,53,Pass
"Abigail Garcia",2025364,55,Pass
"Lily Anderson",2025365,17,Fail
"Chloe Turner",2025366,17,Fail
"Evelyn Harris",2025367,53,Pass
"Isaac Morgan",2025368,32,Fail
"Riley Campbell",2025369,87,Pass
"Nora Roberts",2025370,22,Fail
"Sophia Phillips",2025371,2,Fail
"Lily Green",2025372,3,Fail
"Olivia Jones",2025373,46,Fail
"Ryan Turner",2025374,72,Pass
"Ella Wright",2025375,62,Pass
"Logan Hill",2025376,46,Fail
"Grayson Miller",2025377,82,Pass
"Mia Carter",2025378,15,Fail
"Aiden Thomas",2025379,40,Fail
"Ryan Adams",2025380,20,Fail
"Nathan Nelson",2025381,9,Fail
"Amelia Garcia",2025382,66,Pass
"Ava Parker",2025383,15,Fail
"Scarlett Nelson",2025384,82,Pass
"Carter Scott",2025385,70,Pass
"Avery Hernandez",2025386,40,Fail
"Elijah Rivera",2025387,8,Fail
"Zoey Torres",2025388,31,Fail
"Grace White",2025389,44,Fail
"Jayden Anderson",2025390,50,Pass
"Lily Rivera",2025391,38,Fail
"Sophia Martinez",2025392,22,Fail
"Harper Nguyen",2025393,3,Fail
"Olivia Brown",2025394,4,Fail
"Grayson Torres",2025395,79,Pass
"Nora Jones",2025396,10,Fail
"Jack Martinez",2025397,83,Pass
"Harper Hernandez",2025398,19,Fail
"Evelyn Martinez",2025399,80,Pass
"Ryan Smith",2025400,82,Pass
"Harper Miller",2025401,99,Pass
"Avery Garcia",2025402,55,Pass
"Oliver Morgan",2025403,5,Fail
"Ella Torres",2025404,34,Fail
"Lily Johnson",2025405,33,Fail
"Aaron Hernandez",2025406,33,Fail
"Liam Brown",2025407,68,Pass
"Emily Phillips",2025408,19,Fail
"Luke Peterson",2025409,43,Fail
"Avery Morris",2025410,21,Fail
"Riley Adams",2025411,69,Pass
"Elijah Torres",2025412,24,Fail
"Ryan Green",2025413,73,Pass
"Jayden Garcia",2025414,31,Fail
"Henry Morris",2025415,35,Fail
"Harper Stewart",2025416,80,Pass
"Jackson White",2025417,62,Pass
"Isaac Wright",2025418,28,Fail
"Carter Torres",2025419,84,Pass
"Nora Edwards",2025420,38,Fail
"Avery Torres",2025421,67,Pass
"Jackson Baker",2025422,26,Fail
"Emily Jackson",2025423,93,Pass
"Evelyn Rogers",2025424,37,Fail
"Grace Morris",2025425,84,Pass
"Elijah Martinez",2025426,63,Pass
"Charlotte Green",2025427,59,Pass
"Aria Garcia",2025428,41,Fail
"Elijah Murphy",2025429,76,Pass
"Scarlett Mitchell",2025430,57,Pass
"James Rivera",2025431,32,Fail
"James Robinson",2025432,97,Pass
"Oliver Brown",2025433,32,Fail
"Noah Murphy",2025434,98,Pass
"Noah Robinson",2025435,21,Fail
"Nora Thomas",2025436,10,Fail
"Owen Edwards",2025437,14,Fail
"Dylan Rogers",2025438,48,Fail
"Zoey Williams",2025439,90,Pass
"Lucas Harris",2025440,36,Fail
"Aaron Williams",2025441,58,Pass
"Aaron Young",2025442,24,Fail
"Amelia Jackson",2025443,19,Fail
"Grace Young",2025444,4,Fail
"Ava Allen",2025445,80,Pass
"Isabella Lewis",2025446,54,Pass
"Zoey Wright",2025447,95,Pass
"Olivia Morgan",2025448,85,Pass
"Ethan Harris",2025449,7,Fail
"Isaac Lewis",2025450,84,Pass
"Evelyn Lewis",2025451,95,Pass
"Isaac Nelson",2025452,100,Pass
"Nora Brown",2025453,38,Fail
"Olivia Robinson",2025454,44,Fail
"Lucas Scott",2025455,11,Fail
"Ava Smith",2025456,19,Fail
"Isabella Garcia",2025457,79,Pass
"Carter Miller",2025458,88,Pass
"Avery White",2025459,28,Fail
"Ava Hill",2025460,26,Fail
"Liam King",2025461,45,Fail
"Mason Adams",2025462,35,Fail
"Noah Morris",2025463,20,Fail
"Nathan Wright",2025464,70,Pass
"Olivia Adams",2025465,0,Fail
"Jayden Rogers",2025466,16,Fail
"Jayden White",2025467,56,Pass
"Scarlett Turner",2025468,15,Fail
"Ella Jones",2025469,82,Pass
"Aaron Hill",2025470,10,Fail
"Evelyn Edwards",2025471,5,Fail
"Camila Green",2025472,67,Pass
"James Rogers",2025473,14,Fail
"Evelyn Peterson",2025474,43,Fail
"Ryan Morgan",2025475,29,Fail
"Grace Martinez",2025476,37,Fail
"Jack Parker",2025477,90,Pass
"Henry Wright",2025478,42,Fail
"Sebastian Baker",2025479,28,Fail
"James Johnson",2025480,47,Fail
"Oliver Robinson",2025481,30,Fail
"Charlotte Hill",2025482,5,Fail
"Ava Jackson",2025483,60,Pass
"Jack King",2025484,31,Fail
"Mason Allen",2025485,21,Fail
"Avery Edwards",2025486,17,Fail
"Avery Martinez",2025487,49,Fail
"Logan Scott",2025488,12,Fail
"Isabella Morgan",2025489,9,Fail
"Chloe Smith",2025490,61,Pass
"Ethan Green",2025491,45,Fail
"Lucas Hill",2025492,91,Pass
"Luke Clark",2025493,47,Fail
"Charlotte Walker",2025494,15,Fail
"Lucas Williams",2025495,38,Fail
"Riley Wilson",2025496,86,Pass
"Nora Hernandez",2025497,89,Pass
"Chloe Robinson",2025498,32,Fail
"Wyatt Peterson",2025499,8,Fail
